Open,High,Low,Close,Adj Close,Volume
66.37999725341797,68.18000030517578,66.30999755859375,68.04000091552734,68.04000091552734,1351400
